Type,Name,Request Count,Failure Count,Median Response Time,Average Response Time,Min Response Time,Max Response Time,Average Content Size,Requests/s,Failures/s,50%,66%,75%,80%,90%,95%,98%,99%,99.9%,99.99%,100%
GET,/api/v1/assignments/ [me],10,0,28,33.29477001680061,23.68350001052022,49.92589994799346,862.7,0.11356393999635112,0.0,30,31,42,50,50,50,50,50,50,50,50
POST,/api/v1/assignments/[id]/start_attempt/,10,0,31,38.734260003548115,21.601600106805563,69.64609993156046,241.0,0.11356393999635112,0.0,34,46,50,51,70,70,70,70,70,70,70
POST,/api/v1/attempts/[id]/submit_answer/,25,0,39,70.36584400106221,18.631499959155917,277.4461000226438,115.4,0.28390984999087776,0.0,39,50,61,82,250,260,280,280,280,280,280
POST,/api/v1/attempts/run_query_async/,95,9,10,18.654006309072045,6.3411999726668,168.03950001485646,63.526315789473685,1.0788574299653355,0.102207545996716,10,12,14,16,30,79,140,170,170,170,170
GET,/api/v1/attempts/run_query_status/ [poll],97,0,9,13.393834013655091,5.118099972605705,197.5213000550866,397.8659793814433,1.1015702179646059,0.0,9,11,13,13,19,24,64,200,200,200,200
POST,/api/v1/attempts/validate_query_async/,91,9,12,17.79397912221132,5.9157999930903316,115.28040003031492,63.54945054945055,1.033431853966795,0.102207545996716,12,15,17,19,30,41,110,120,120,120,120
GET,/api/v1/attempts/validate_query_status/ [poll],117,0,9,12.274266665395444,5.155800026841462,111.90520005766302,151.76068376068375,1.328698097957308,0.0,9,11,13,13,20,30,38,91,110,110,110
POST,/api/v1/auth/login/,10,0,43,50.10566000128165,29.755999916233122,76.70780003536493,95.2,0.11356393999635112,0.0,54,55,64,70,77,77,77,77,77,77,77
,Aggregated,455,18,11,20.01575120637746,5.118099972605705,277.4461000226438,182.5076923076923,5.167159269833975,0.204415091993432,11,14,18,23,38,64,110,170,280,280,280
